Age,Sex,Job,Housing,Saving accounts,Checking account,Credit amount,Duration,Purpose,lcredit,Age2,default
67,male,2,own,,little,1169,6,radio/TV,7.063903961472068,4489,1
22,female,2,own,little,moderate,5951,48,radio/TV,8.691314551644853,484,2
49,male,1,own,little,,2096,12,education,7.647786045440933,2401,1
45,male,2,free,little,little,7882,42,furniture/equipment,8.97233695775495,2025,1
53,male,2,free,little,little,4870,24,car,8.490849216076635,2809,2
35,male,1,free,,,9055,36,education,9.111072370317514,1225,1
53,male,2,own,quite rich,,2835,24,furniture/equipment,7.949797216161852,2809,1
35,male,3,rent,little,moderate,6948,36,car,8.846209127360996,1225,1
61,male,1,own,rich,,3059,12,radio/TV,8.025843344150903,3721,1
28,male,3,own,little,moderate,5234,30,car,8.562931083090092,784,2
25,female,2,rent,little,moderate,1295,12,car,7.166265974133638,625,2
24,female,2,rent,little,little,4308,48,business,8.36822903827628,576,2
22,female,2,own,little,moderate,1567,12,radio/TV,7.356918242356021,484,1
60,male,1,own,little,little,1199,24,car,7.089243155027514,3600,2
28,female,2,rent,little,little,1403,15,car,7.246368080102461,784,1
32,female,1,own,moderate,little,1282,24,radio/TV,7.156176637480615,1024,2
53,male,2,own,,,2424,24,radio/TV,7.793174347189205,2809,1
25,male,2,own,,little,8072,30,business,8.996156562033445,625,1
44,female,3,free,little,moderate,12579,24,car,9.439784035838873,1936,2
31,male,2,own,quite rich,,3430,24,radio/TV,8.140315540159985,961,1
48,male,2,own,little,,2134,9,car,7.665753431861699,2304,1
44,male,2,rent,quite rich,little,2647,6,radio/TV,7.881182202227102,1936,1
48,male,1,rent,little,little,2241,10,car,7.714677473800927,2304,1
44,male,2,own,moderate,moderate,1804,12,car,7.497761700622568,1936,1
26,male,2,own,,,2069,10,furniture/equipment,7.634820677745543,676,1
36,male,1,own,little,little,1374,6,furniture/equipment,7.2254814727822945,1296,1
39,male,1,own,little,,426,6,radio/TV,6.054439346269371,1521,1
42,female,2,rent,rich,rich,409,12,radio/TV,6.013715156042802,1764,1
34,male,2,own,little,moderate,2415,7,radio/TV,7.789454566086673,1156,1
63,male,2,own,little,little,6836,60,business,8.829958044235482,3969,2
36,male,2,own,rich,moderate,1913,18,business,7.556427969440253,1296,1
27,male,2,own,little,little,4020,24,furniture/equipment,8.299037181613066,729,1
30,male,2,own,moderate,moderate,5866,18,car,8.676928249537397,900,1
57,male,1,rent,,,1264,12,business,7.142036574706803,3249,1
33,female,3,own,little,rich,1474,12,furniture/equipment,7.295735072749282,1089,1
25,male,1,own,little,moderate,4746,45,radio/TV,8.465057436995709,625,2
31,male,2,free,little,,6110,48,education,8.71768205216564,961,1
37,male,2,own,little,rich,2100,18,radio/TV,7.649692623711514,1369,2
37,male,2,own,little,rich,1225,10,domestic appliances,7.110696122978827,1369,1
24,male,2,own,little,moderate,458,9,radio/TV,6.126869184114185,576,1
30,male,3,own,quite rich,,2333,30,radio/TV,7.75491027202143,900,1
26,male,2,own,quite rich,moderate,1158,12,radio/TV,7.05444965813294,676,1
44,male,1,own,little,moderate,6204,18,repairs,8.73294952429643,1936,1
24,male,2,rent,moderate,little,6187,30,car,8.73020559553099,576,1
58,female,1,free,little,little,6143,48,car,8.723068501163928,3364,2
35,female,3,own,little,,1393,11,car,7.239214973779806,1225,1
39,male,2,own,quite rich,,2299,36,radio/TV,7.740229524763182,1521,1
23,female,0,rent,quite rich,little,1352,6,car,7.20934025660291,529,1
39,male,1,own,little,,7228,11,car,8.885717651712119,1521,1
28,female,2,own,moderate,,2073,12,radio/TV,7.636752112435779,784,1
29,male,1,own,,moderate,2333,24,furniture/equipment,7.75491027202143,841,1
30,male,3,own,little,moderate,5965,27,car,8.693664334532016,900,1
25,male,2,own,little,,1262,12,radio/TV,7.140453043101158,625,1
31,male,2,own,,,3378,18,car,8.125039097367745,961,1
57,male,2,free,little,moderate,2225,36,car,7.707512194600341,3249,2
26,male,1,own,,,783,6,car,6.663132695990803,676,1
52,male,3,own,,moderate,6468,12,radio/TV,8.774622220696997,2704,2
31,female,2,own,little,,9566,36,radio/TV,9.165970424240244,961,1
23,female,3,own,little,rich,1961,18,car,7.581209826196346,529,1
23,female,1,rent,little,little,6229,36,furniture/equipment,8.736971085254146,529,2
27,male,2,own,little,moderate,1391,9,business,7.237778191923443,729,1
50,male,2,own,,moderate,1537,15,radio/TV,7.337587743538596,2500,1
61,male,3,free,little,moderate,1953,36,business,7.577121930876679,3721,2
25,male,2,own,little,moderate,14421,48,business,9.57644075656207,625,2
26,female,2,own,little,,3181,24,radio/TV,8.064950891749143,676,1
48,male,2,own,,,5190,27,repairs,8.554488976159934,2304,1
29,female,2,own,little,,2171,12,radio/TV,7.682943169878292,841,1
22,male,2,own,rich,moderate,1007,12,car,6.914730892718563,484,1
37,male,2,free,little,,1819,36,education,7.506042178518122,1369,2
25,female,2,own,,,2394,36,radio/TV,7.780720886117918,625,1
30,female,2,own,little,,8133,36,car,9.003685138166775,900,1
46,male,1,rent,,,730,7,radio/TV,6.593044534142437,2116,1
51,male,3,free,little,little,1164,8,vacation/others,7.059617628291383,2601,1
41,female,1,own,little,moderate,5954,42,business,8.691818541575723,1681,1
40,male,3,own,,little,1977,36,education,7.589335823170617,1600,2
66,male,3,free,little,little,1526,12,car,7.330405211844402,4356,1
34,male,2,own,little,little,3965,42,radio/TV,8.285261134068948,1156,2
51,male,2,own,little,moderate,4771,11,radio/TV,8.470311205516108,2601,1
39,male,1,own,,,9436,54,car,9.152287440527566,1521,1
22,male,2,own,little,moderate,3832,30,furniture/equipment,8.251142139090751,484,1
44,female,2,own,,,5943,24,radio/TV,8.68996933536666,1936,2
47,male,2,own,quite rich,,1213,15,radio/TV,7.10085190894405,2209,1
24,female,1,rent,moderate,,1568,18,business,7.357556200910353,576,1
58,female,1,own,little,little,1755,24,vacation/others,7.470224135899966,3364,1
52,male,1,own,little,little,2315,10,radio/TV,7.747164966520335,2704,1
29,female,3,own,little,,1412,12,business,7.252762418053187,841,1
27,female,2,own,little,moderate,1295,18,furniture/equipment,7.166265974133638,729,1
47,male,2,free,moderate,moderate,12612,36,education,9.442404020664952,2209,2
30,male,3,own,moderate,little,2249,18,car,7.718240951959316,900,1
28,male,2,own,little,little,1108,12,repairs,7.010311867307229,784,2
56,male,2,own,little,,618,12,radio/TV,6.42648845745769,3136,1
54,male,2,own,little,little,1409,12,car,7.25063551189868,2916,1
33,female,1,own,,,797,12,radio/TV,6.680854678790215,1089,2
20,male,2,rent,,rich,3617,24,furniture/equipment,8.193400231952097,400,1
54,male,2,own,rich,moderate,1318,12,car,7.183870715062453,2916,1
58,male,2,rent,little,moderate,15945,54,business,9.676900579444158,3364,2
61,female,2,own,,,2012,12,education,7.60688453121963,3721,1
34,male,2,own,moderate,moderate,2622,18,business,7.871692664323645,1156,1
36,male,2,own,little,moderate,2337,36,radio/TV,7.756623334538858,1296,1
36,male,3,rent,,moderate,7057,20,car,8.86177531100083,1296,1
41,male,1,rent,moderate,,1469,24,car,7.292337176173877,1681,1
24,male,2,rent,little,moderate,2323,36,radio/TV,7.750614732770409,576,1
24,female,2,own,little,,932,6,radio/TV,6.837332814685591,576,1
35,male,2,rent,little,moderate,1919,9,furniture/equipment,7.5595594960077,1225,1
26,male,2,rent,,,2445,12,car,7.801800401908973,676,1
39,male,3,own,little,moderate,11938,24,vacation/others,9.387481868728596,1521,2
39,male,3,own,little,,6458,18,car,8.77307495131822,1521,2
32,male,2,own,little,moderate,6078,12,car,8.712430973476739,1024,1
30,female,2,own,,little,7721,24,furniture/equipment,8.951699168308815,900,1
35,male,2,own,quite rich,moderate,1410,14,business,7.251344983372214,1225,1
31,male,2,own,moderate,moderate,1449,6,business,7.278628942320682,961,1
23,female,2,rent,little,rich,392,15,education,5.971261839790462,529,1
28,male,1,rent,little,moderate,6260,18,car,8.741935464094144,784,1
25,female,2,own,little,,7855,36,car,8.96890555068972,625,2
35,male,2,own,quite rich,little,1680,12,radio/TV,7.426549072397305,1225,1
47,male,2,own,,,3578,48,radio/TV,8.182559264068665,2209,1
30,female,3,own,,little,7174,42,radio/TV,8.878218658092228,900,2
27,female,2,rent,,little,2132,10,furniture/equipment,7.664815785285735,729,1
23,female,2,own,quite rich,little,4281,33,furniture/equipment,8.361941906144946,529,2
36,male,3,own,quite rich,moderate,2366,12,car,7.768956044538332,1296,1
25,female,2,own,little,little,1835,21,radio/TV,7.51479976048867,625,2
41,female,3,rent,little,,3868,24,car,8.260492856573185,1681,1
24,male,1,rent,little,,1768,12,furniture/equipment,7.477604243197589,576,1
63,male,2,free,little,rich,781,10,car,6.660575149839686,3969,1
27,female,2,rent,,moderate,1924,18,furniture/equipment,7.562161631225652,729,2
30,male,2,own,little,little,2121,12,car,7.659642954564682,900,1
40,male,1,own,little,little,701,12,radio/TV,6.55250788703459,1600,1
30,male,2,own,little,moderate,639,12,repairs,6.459904454377535,900,2
34,male,3,own,little,moderate,1860,12,car,7.528331766707247,1156,1
29,female,2,own,little,little,3499,12,car,8.160232492367689,841,2
24,female,2,own,,moderate,8487,48,car,9.046290859969677,576,1
29,male,2,own,little,little,6887,36,education,8.837390855544697,841,2
27,male,1,own,little,,2708,15,furniture/equipment,7.903965634032166,729,1
47,male,2,free,little,,1984,18,furniture/equipment,7.592870287844818,2209,1
21,female,2,own,moderate,,10144,60,radio/TV,9.224637676677007,441,1
38,female,2,own,,,1240,12,radio/TV,7.122866658599083,1444,1
27,male,2,own,rich,,8613,27,car,9.061027968789174,729,1
66,male,1,own,quite rich,moderate,766,12,radio/TV,6.641182169740591,4356,2
35,male,2,own,,moderate,2728,15,radio/TV,7.911324018963353,1225,1
44,female,1,rent,little,rich,1881,12,radio/TV,7.53955882930103,1936,1
27,male,0,own,rich,rich,709,6,car,6.563855526532128,729,1
30,female,3,own,little,moderate,4795,36,radio/TV,8.475328987317539,900,1
27,male,3,own,little,little,3416,27,radio/TV,8.13622555490846,729,1
22,male,2,own,little,little,2462,18,furniture/equipment,7.808729306744399,484,2
23,female,2,own,little,,2288,21,furniture/equipment,7.735433352499688,529,1
30,male,2,own,moderate,moderate,3566,48,business,8.179199798423086,900,1
39,female,2,own,little,little,860,6,car,6.756932389247553,1521,1
51,female,2,own,moderate,,682,12,car,6.525029657843462,2601,1
28,male,2,own,little,little,5371,36,furniture/equipment,8.58876938990546,784,1
46,male,2,own,rich,,1582,18,radio/TV,7.366445148327599,2116,1
42,male,2,free,moderate,,1346,6,radio/TV,7.204892510204673,1764,1
38,male,2,own,little,,1924,10,radio/TV,7.562161631225652,1444,1
24,male,2,own,little,rich,5848,36,radio/TV,8.673855001429615,576,1
29,female,2,rent,rich,moderate,7758,24,car,8.956479847999912,841,1
36,male,3,rent,moderate,moderate,6967,24,business,8.848939995030118,1296,1
20,female,2,rent,little,little,1282,12,furniture/equipment,7.156176637480615,400,2
48,male,2,own,moderate,little,1288,9,repairs,7.160845906664299,2304,1
45,male,1,own,little,little,339,12,education,5.82600010738045,2025,1
38,male,2,own,moderate,moderate,3512,24,car,8.163940954755008,1444,1
34,male,1,own,,,1898,6,radio/TV,7.5485559791698735,1156,1
36,male,2,own,moderate,,2872,24,radio/TV,7.962763930168115,1296,1
30,female,2,own,little,,1055,18,car,6.961296045910167,900,1
36,male,2,own,quite rich,,1262,15,domestic appliances,7.140453043101158,1296,1
70,male,3,free,little,moderate,7308,10,car,8.896724917497897,4900,1
36,male,2,own,quite rich,,909,36,car,6.812345094177479,1296,1
32,male,2,own,quite rich,,2978,6,furniture/equipment,7.999007213243955,1024,1
33,female,2,own,little,little,1131,18,furniture/equipment,7.030857476116121,1089,2
20,female,2,own,rich,moderate,1577,11,furniture/equipment,7.3632795869630385,400,1
25,female,2,rent,little,,3972,24,furniture/equipment,8.287025025165063,625,1
31,male,2,own,little,moderate,1935,24,business,7.567862605463882,961,2
33,male,2,rent,little,little,950,15,car,6.856461984594587,1089,2
26,female,2,own,little,,763,12,furniture/equipment,6.637258031284457,676,1
34,female,3,own,little,moderate,2064,24,furniture/equipment,7.632401126601453,1156,2
33,male,2,own,little,moderate,1414,8,radio/TV,7.254177846456518,1089,1
26,male,2,own,little,little,3414,21,education,8.135639903354386,676,2
53,female,3,own,,,7485,30,car,8.920656296853728,2809,2
42,male,2,own,little,little,2577,12,furniture/equipment,7.854381210652365,1764,1
52,male,2,own,quite rich,little,338,6,radio/TV,5.823045895483019,2704,1
31,male,3,rent,little,,1963,12,radio/TV,7.582229194276461,961,1
65,male,2,own,little,little,571,21,car,6.3473892096560105,4225,1
28,male,2,own,little,,9572,36,business,9.166597449028265,784,2
30,male,3,own,little,moderate,4455,36,business,8.40178233990491,900,2
40,male,1,own,,little,1647,21,car,7.40671073017764,1600,2
50,male,2,own,rich,,3777,24,furniture/equipment,8.236685322712457,2500,1
36,male,2,own,little,moderate,884,18,car,6.784457062637643,1296,2
31,male,2,own,little,,1360,15,radio/TV,7.215239978730097,961,1
74,female,3,free,little,moderate,5129,9,car,8.542665987389269,5476,2
68,male,0,free,little,moderate,1175,16,car,7.069023426578259,4624,1
20,male,2,own,moderate,little,674,12,radio/TV,6.513230110912307,400,2
33,female,2,own,little,moderate,3244,18,furniture/equipment,8.084562415235304,1089,1
54,male,3,own,rich,,4591,24,business,8.431853144249223,2916,2
34,male,1,free,moderate,moderate,3844,48,business,8.254268770090183,1156,2
36,male,2,own,little,moderate,3915,27,business,8.272570608424903,1296,2
29,male,2,rent,little,,2108,6,radio/TV,7.653494909661253,841,1
21,male,2,rent,moderate,moderate,3031,45,radio/TV,8.016647877057803,441,2
34,female,3,own,little,moderate,1501,9,education,7.313886831633462,1156,2
28,female,2,own,little,,1382,6,radio/TV,7.231287004327616,784,1
27,female,2,rent,moderate,moderate,951,12,furniture/equipment,6.85751406254539,729,2
36,male,2,free,,moderate,2760,24,car,7.9229859587111955,1296,1
40,male,3,own,little,moderate,4297,18,furniture/equipment,8.365672383774996,1600,2
52,male,2,own,quite rich,,936,9,education,6.841615476477592,2704,1
27,male,1,own,little,little,1168,12,car,7.0630481633881725,729,1
26,male,2,own,little,,5117,27,business,8.540323608805092,676,1
21,male,2,rent,little,little,902,12,education,6.804614520062624,441,2
38,male,1,own,little,,1495,12,car,7.309881485824786,1444,1
38,male,3,free,little,little,10623,30,car,9.270776740780011,1444,1
43,male,2,own,little,,1935,12,furniture/equipment,7.567862605463882,1849,1
26,male,2,own,little,moderate,1424,12,domestic appliances,7.261225091971921,676,1
21,male,1,own,little,little,6568,24,business,8.789964651132264,441,1
55,male,2,own,rich,,1413,12,car,7.253470382684528,3025,1
33,male,2,own,,,3074,9,radio/TV,8.03073492409854,1089,1
45,female,1,own,,,3835,36,radio/TV,8.251924713801357,2025,1
50,male,2,own,little,little,5293,27,business,8.574140471857987,2500,2
66,male,3,own,little,rich,1908,30,business,7.553810852008231,4356,2
51,male,2,own,,,3342,36,radio/TV,8.114324709155339,2601,1
39,female,1,own,,moderate,932,6,education,6.837332814685591,1521,1
31,male,2,own,little,little,3104,18,business,8.04044688130311,961,1
23,male,2,own,little,rich,3913,36,radio/TV,8.272059622210412,529,1
24,male,1,rent,little,little,3021,24,furniture/equipment,8.013343181386672,576,1
64,female,2,own,little,,1364,10,car,7.218176838403408,4096,1
26,male,1,own,little,moderate,625,12,radio/TV,6.437751649736401,676,1
23,female,2,rent,,little,1200,12,education,7.090076835776092,529,1
30,male,2,own,little,,707,12,radio/TV,6.561030665896573,900,1
32,male,2,own,,,2978,24,business,7.999007213243955,1024,1
30,male,2,own,little,,4657,15,car,8.446126742982377,900,1
27,male,2,own,little,,2613,36,repairs,7.868254265520613,729,1
27,male,2,own,rich,moderate,10961,48,radio/TV,9.302098797215724,729,2
53,male,3,free,little,little,7865,12,furniture/equipment,8.970177815492379,2809,2
22,male,2,own,little,,1478,9,radio/TV,7.298445101508147,484,2
22,male,2,free,little,little,3149,24,furniture/equipment,8.054840221101024,484,1
26,male,2,own,little,rich,4210,36,radio/TV,8.345217926676428,676,2
51,male,1,free,quite rich,,2507,9,car,7.826842098158293,2601,1
35,male,2,own,moderate,,2141,12,radio/TV,7.669028288589683,1225,1
25,male,1,own,little,moderate,866,18,radio/TV,6.763884908562435,625,1
42,male,1,own,little,,1544,4,radio/TV,7.342131730584722,1764,1
30,male,3,own,little,little,1823,24,radio/TV,7.508238774678663,900,2
23,male,0,own,,moderate,14555,6,car,9.585689856179725,529,2
61,male,1,rent,moderate,moderate,2767,21,business,7.925518979786926,3721,2
35,female,2,own,little,,1291,12,radio/TV,7.1631723908466425,1225,1
39,male,2,own,little,little,2522,30,radio/TV,7.832807516524864,1521,1
29,female,2,own,,little,915,24,car,6.818924065275521,841,2
51,male,2,own,little,,1595,6,radio/TV,7.374629015218945,2601,1
24,male,2,free,little,little,4605,48,car,8.434897948689407,576,2
27,female,2,own,little,,1185,12,business,7.077498053569231,729,1
35,female,1,own,quite rich,,3447,12,education,8.145259566516865,1225,1
25,male,2,own,little,,1258,24,business,7.1372784372603855,625,1
52,male,2,own,little,,717,12,radio/TV,6.57507584059962,2704,1
35,male,2,rent,moderate,,1204,6,car,7.093404625868766,1225,1
26,male,2,own,little,rich,1925,24,furniture/equipment,7.562681246721884,676,1
22,female,2,rent,little,,433,18,radio/TV,6.07073772800249,484,2
39,female,1,own,rich,little,666,6,car,6.501289670540389,1521,1
46,female,1,own,little,rich,2251,12,furniture/equipment,7.719129840906732,2116,1
24,female,2,own,little,moderate,2150,30,car,7.673223121121708,576,2
35,male,2,own,moderate,,4151,24,furniture/equipment,8.33110454805304,1225,1
24,male,2,own,,moderate,2030,9,furniture/equipment,7.615791072035833,576,1
27,male,1,own,,moderate,7418,60,radio/TV,8.911664758049536,729,1
35,male,1,own,little,,2684,24,radio/TV,7.895063498091573,1225,1
29,male,2,free,little,little,2149,12,radio/TV,7.67275789664251,841,2
23,female,2,own,moderate,,3812,15,car,8.245909264774093,529,1
57,female,1,own,moderate,,1154,11,radio/TV,7.050989447068045,3249,1
27,male,2,own,little,little,1657,12,furniture/equipment,7.412764017426562,729,1
55,female,2,own,little,little,1603,24,radio/TV,7.379632152609552,3025,1
36,male,3,free,little,little,5302,18,car,8.57583938684897,1296,1
57,female,1,free,little,,2748,12,education,7.91862865334224,3249,1
32,male,1,own,little,,1231,10,car,7.115582126184454,1024,1
37,male,2,own,little,moderate,802,15,radio/TV,6.687108607866515,1369,2
36,male,2,own,,,6304,36,business,8.748939631537715,1296,1
38,female,2,own,little,,1533,24,radio/TV,7.334981878871814,1444,1
45,male,3,own,little,little,8978,14,car,9.102532419341877,2025,2
25,male,2,own,,,999,24,radio/TV,6.906754778648554,625,1
32,male,2,own,,,2662,18,car,7.886832998955056,1024,1
37,female,2,rent,quite rich,,1402,12,furniture/equipment,7.245655067594535,1369,1
36,male,3,free,,moderate,12169,48,car,9.4066470133368,1296,1
28,male,2,own,little,moderate,3060,48,radio/TV,8.026170194946426,784,2
34,male,1,own,little,little,11998,30,repairs,9.392495248213038,1156,2
32,male,2,own,little,,2697,9,radio/TV,7.89989532313973,1024,1
26,female,2,own,little,,2404,18,radio/TV,7.784889295655098,676,1
49,male,1,own,,little,1262,12,furniture/equipment,7.140453043101158,2401,1
32,female,2,own,little,,4611,6,furniture/equipment,8.436200032206706,1024,2
29,male,3,rent,moderate,,1901,24,radio/TV,7.550135342488429,841,1
23,male,2,rent,rich,,3368,15,car,8.122074375362217,529,1
50,male,2,own,little,,1574,12,furniture/equipment,7.361375428977347,2500,1
49,male,1,own,,rich,1445,18,radio/TV,7.275864600546533,2401,1
63,male,2,own,,,1520,15,furniture/equipment,7.326465613840322,3969,1
37,male,2,own,moderate,moderate,3878,24,car,8.263074835802596,1369,1
35,female,1,own,little,little,10722,47,car,9.280052984387485,1225,1
26,male,2,own,little,little,4788,48,car,8.473868066677865,676,1
31,male,3,free,moderate,moderate,7582,48,vacation/others,8.93353229607628,961,1
49,female,2,own,little,moderate,1092,12,radio/TV,6.9957661563048505,2401,1
48,male,2,own,little,little,1024,24,radio/TV,6.931471805599453,2304,2
26,male,2,own,little,,1076,12,business,6.98100574072173,676,1
28,male,3,rent,little,moderate,9398,36,car,9.14825217966276,784,2
44,female,3,free,little,little,6419,24,car,8.767017621311778,1936,1
56,male,2,free,little,rich,4796,42,car,8.475537516147405,3136,1
46,male,3,own,,,7629,48,business,8.93971205409023,2116,1
26,female,2,own,little,moderate,9960,48,furniture/equipment,9.206332350578643,676,2
20,female,2,rent,,,4675,12,car,8.449984441722787,400,1
45,male,1,own,,,1287,10,car,7.160069207596127,2025,1
43,male,2,own,little,,2515,18,furniture/equipment,7.83002808253384,1849,1
32,male,2,own,rich,moderate,2745,21,furniture/equipment,7.917536353943631,1024,1
54,female,0,own,little,,672,6,car,6.51025834052315,2916,1
42,female,2,own,little,moderate,3804,36,radio/TV,8.24380842366528,1764,2
37,male,1,own,,rich,1344,24,car,7.203405521083095,1369,2
49,male,2,own,little,little,1038,10,car,6.945051063725834,2401,1
44,male,2,free,quite rich,,10127,48,car,9.222960403332284,1936,2
33,male,2,own,rich,,1543,6,furniture/equipment,7.341483852363161,1089,1
24,female,1,rent,,,4811,30,car,8.478660241699453,576,1
33,male,1,own,moderate,little,727,12,radio/TV,6.588926477533519,1089,2
24,female,2,own,little,moderate,1237,8,furniture/equipment,7.120444372392488,576,2
22,male,1,rent,little,moderate,276,9,car,5.62040086571715,484,1
40,male,0,free,,moderate,5381,48,vacation/others,8.59062950948942,1600,1
25,male,2,own,moderate,,5511,24,furniture/equipment,8.614501373883236,625,1
26,female,2,own,little,rich,3749,24,furniture/equipment,8.229244416735913,676,1
25,male,1,own,little,moderate,685,12,car,6.529418838262226,625,2
29,male,1,own,,rich,1494,4,car,7.309212365692763,841,1
31,male,2,own,little,little,2746,36,furniture/equipment,7.917900586327916,961,2
38,male,1,own,little,little,708,12,furniture/equipment,6.56244409369372,1444,1
48,female,1,own,,moderate,4351,24,furniture/equipment,8.37816098272068,2304,1
32,male,2,own,little,,701,12,education,6.55250788703459,1024,1
27,female,1,own,little,little,3643,15,furniture/equipment,8.200562797008564,729,1
28,male,3,own,little,moderate,4249,30,car,8.354438940114811,784,2
32,male,2,own,little,little,1938,24,radio/TV,7.569411792450712,1024,2
34,male,3,free,little,little,2910,24,car,7.975908360165538,1156,1
28,male,2,own,rich,little,2659,18,furniture/equipment,7.88570539124302,784,1
36,female,2,own,little,,1028,18,car,6.93537044601511,1296,1
39,male,1,own,little,little,3398,8,car,8.130942302231878,1521,1
49,male,2,rent,,,5801,12,furniture/equipment,8.665785595466064,2401,1
34,female,2,own,rich,,1525,24,car,7.329749689041512,1156,1
31,male,2,own,little,rich,4473,36,radio/TV,8.405814603432848,961,1
28,male,2,own,little,moderate,1068,6,radio/TV,6.97354301952014,784,1
75,male,3,free,little,little,6615,24,car,8.797095076549056,5625,1
30,female,2,own,moderate,,1864,18,education,7.530479995245536,900,2
24,female,3,own,moderate,moderate,7408,60,car,8.910315776326016,576,2
24,female,1,rent,moderate,,11590,48,car,9.357897936333798,576,2
23,male,2,rent,little,little,4110,24,furniture/equipment,8.32117830749028,529,2
44,male,3,rent,little,little,3384,6,furniture/equipment,8.126813720726114,1936,2
23,female,1,own,little,moderate,2101,13,radio/TV,7.650168700845001,529,1
24,female,2,rent,,little,1275,15,domestic appliances,7.150701457592526,576,2
28,male,2,own,little,little,4169,24,furniture/equipment,8.335431477880796,784,1
31,male,1,own,little,moderate,1521,10,furniture/equipment,7.327123292259293,961,1
24,female,2,free,little,moderate,5743,24,education,8.655737000864297,576,1
26,female,1,rent,little,little,3599,21,furniture/equipment,8.188411308079031,676,1
25,male,2,rent,quite rich,moderate,3213,18,radio/TV,8.074960359115858,625,1
33,male,3,own,little,moderate,4439,18,business,8.398184404834035,1089,1
37,male,1,own,little,rich,3949,10,car,8.28121766128665,1369,1
43,female,1,own,little,,1459,15,radio/TV,7.285506548522785,1849,1
23,male,2,own,little,moderate,882,13,radio/TV,6.782192056006791,529,1
23,female,0,rent,quite rich,moderate,3758,24,radio/TV,8.231642179973411,529,1
34,male,1,own,moderate,,1743,6,business,7.463363045520021,1156,1
32,male,2,free,rich,moderate,1136,9,education,7.035268599281097,1024,2
23,female,2,rent,little,,1236,9,domestic appliances,7.119635638017636,529,1
29,female,2,own,little,moderate,959,9,furniture/equipment,6.865891074883439,841,2
38,male,3,own,,,3229,18,car,8.079927770758275,1444,1
28,male,2,rent,little,little,6199,12,radio/TV,8.73214326770192,784,2
46,male,2,free,quite rich,,727,10,education,6.588926477533519,2116,1
23,male,1,own,little,moderate,1246,24,car,7.127693699347399,529,2
49,male,2,own,,,2331,12,radio/TV,7.754052639035757,2401,1
26,male,3,own,little,,4463,36,radio/TV,8.40357646462927,676,2
28,male,2,own,little,,776,12,radio/TV,6.654152520183219,784,1
23,female,2,rent,little,little,2406,30,furniture/equipment,7.785720896534624,529,2
61,male,2,free,,moderate,1239,18,education,7.122059881629142,3721,1
37,male,3,own,,rich,3399,12,radio/TV,8.131236549696116,1369,1
36,female,2,own,little,rich,2247,12,car,7.717351272185329,1296,1
21,male,2,rent,little,,1766,6,furniture/equipment,7.476472381163905,441,1
25,male,0,own,little,little,2473,18,furniture/equipment,7.813187267521416,625,2
36,male,2,own,little,,1542,12,business,7.340835554123275,1296,1
27,male,2,own,little,,3850,18,car,8.25582842728183,729,1
22,female,2,rent,little,little,3650,18,furniture/equipment,8.202482446576537,484,1
42,male,2,own,little,little,3446,36,furniture/equipment,8.144969417087875,1764,2
40,female,2,rent,little,moderate,3001,18,furniture/equipment,8.006700845440367,1600,1
36,male,2,own,,,3079,36,car,8.0323601479245,1296,1
33,male,2,own,little,,6070,18,radio/TV,8.711113884053544,1089,1
23,female,2,rent,little,,2146,10,furniture/equipment,7.671360923190644,529,1
63,male,3,free,,,13756,60,car,9.529230371552156,3969,1
60,female,3,free,moderate,moderate,14782,60,vacation/others,9.601165503344832,3600,2
37,female,2,rent,little,little,7685,48,business,8.947025655972697,1369,2
34,male,2,own,little,,2320,18,radio/TV,7.749322464660356,1156,1
36,male,2,free,,,846,7,radio/TV,6.740519359606223,1296,1
57,male,3,free,little,moderate,14318,36,car,9.56927276595613,3249,2
52,female,1,own,moderate,,362,6,car,5.891644211825772,2704,1
39,male,2,own,,little,2212,20,furniture/equipment,7.701652362642226,1521,1
38,female,3,free,little,moderate,12976,18,car,9.470856776355197,1444,2
25,female,2,rent,,,1283,22,car,7.1569563646156364,625,1
26,male,2,own,little,rich,1330,12,car,7.1929342212158,676,1
26,male,1,own,moderate,,4272,30,business,8.35983738064003,676,1
25,female,2,own,little,,2238,18,radio/TV,7.71333788887187,625,1
21,female,2,rent,,,1126,18,radio/TV,7.026426808699636,441,1
40,male,3,own,little,moderate,7374,18,furniture/equipment,8.90571557879409,1600,1
27,male,2,own,quite rich,moderate,2326,15,business,7.75190533307861,729,1
27,female,2,own,little,,1449,9,business,7.278628942320682,729,1
30,male,3,own,little,,1820,18,car,7.506591780070841,900,1
19,female,1,rent,rich,moderate,983,12,furniture/equipment,6.890609120147166,361,1
39,male,3,free,little,little,3249,36,car,8.0861025356691,1521,1
31,female,2,own,little,little,1957,6,radio/TV,7.579167967396076,961,1
31,male,3,own,little,,2406,9,furniture/equipment,7.785720896534624,961,1
32,male,2,rent,moderate,moderate,11760,39,education,9.372459221452615,1024,1
55,female,3,free,little,little,2578,12,furniture/equipment,7.8547691834991324,3025,1
46,male,2,own,little,little,2348,36,furniture/equipment,7.761319180947987,2116,1
46,male,2,rent,little,moderate,1223,12,car,7.109062135687172,2116,2
43,female,1,own,rich,,1516,24,radio/TV,7.323830566202317,1849,1
39,male,2,own,little,,1473,18,radio/TV,7.29505641646263,1521,1
28,male,2,own,,moderate,1887,18,business,7.54274354536855,784,1
27,male,2,own,little,,8648,24,business,9.065083359319043,729,2
27,male,1,own,little,,802,14,car,6.687108607866515,729,1
43,male,2,own,,moderate,2899,18,car,7.972121128921655,1849,1
22,male,2,own,little,moderate,2039,24,radio/TV,7.620214770574455,484,2
43,male,2,own,,,2197,24,car,7.69484807238461,1849,1
27,male,2,own,little,little,1053,15,radio/TV,6.959398512133975,729,1
26,male,3,own,quite rich,,3235,24,radio/TV,8.081784206935001,676,1
28,male,2,own,quite rich,rich,939,12,car,6.844815479208263,784,2
20,female,2,own,little,moderate,1967,24,radio/TV,7.584264818389059,400,1
35,male,3,own,little,,7253,33,car,8.889170455363413,1225,1
42,male,3,own,little,,2292,12,business,7.73718007783463,1764,2
40,male,1,rent,quite rich,,1597,10,car,7.375882148215011,1600,1
35,female,2,own,,little,1381,24,car,7.2305631534092925,1225,2
35,male,2,own,little,,5842,36,car,8.672828482947686,1225,1
33,male,1,own,little,little,2579,12,car,7.855157005881344,1089,2
23,female,2,rent,,little,8471,18,education,9.044403844431551,529,1
31,female,3,own,quite rich,,2782,21,car,7.930925372483388,961,1
33,female,2,own,,moderate,1042,18,car,6.948897222313312,1089,2
20,female,2,rent,rich,,3186,15,car,8.066521490469993,400,1
30,male,2,own,,moderate,2028,12,car,7.614805364711073,900,1
47,male,1,own,little,moderate,958,12,car,6.86484777797086,2209,1
34,male,3,own,moderate,,1591,21,furniture/equipment,7.372118028337787,1156,1
25,female,2,own,,moderate,2762,12,furniture/equipment,7.923710333969238,625,2
21,male,2,rent,little,moderate,2779,18,car,7.929846429742503,441,1
29,male,2,own,little,,2743,28,radio/TV,7.916807490937603,841,1
46,male,2,own,rich,,1149,18,radio/TV,7.046647277848756,2116,1
20,male,2,own,little,,1313,9,furniture/equipment,7.180069874302796,400,1
55,female,0,free,little,little,1190,18,repairs,7.081708586105575,3025,2
74,male,1,own,little,,3448,5,business,8.145549631783584,5476,1
29,male,3,own,little,moderate,11328,24,vacation/others,9.3350328159335,841,2
36,male,3,free,little,little,1872,6,furniture/equipment,7.534762657037537,1296,1
33,male,2,own,little,,2058,24,repairs,7.629489916393995,1089,1
25,male,2,own,little,little,2136,9,furniture/equipment,7.666690200080086,625,1
25,male,2,own,,moderate,1484,12,radio/TV,7.302496423727326,625,2
23,male,1,rent,quite rich,,660,6,repairs,6.492239835020471,529,1
37,female,2,own,rich,,1287,24,car,7.160069207596127,1369,1
65,male,0,own,little,little,3394,42,repairs,8.129764445794171,4225,1
26,female,0,own,little,rich,609,12,business,6.411818267709897,676,2
39,male,3,own,little,,1884,12,car,7.541152455136308,1521,1
30,female,2,own,little,little,1620,12,furniture/equipment,7.390181428226429,900,1
29,male,2,own,little,moderate,2629,20,vacation/others,7.874358824729881,841,1
41,male,1,own,little,,719,12,education,6.577861357721047,1681,2
30,female,3,own,little,moderate,5096,48,furniture/equipment,8.536211197252,900,2
41,female,1,rent,,,1244,9,education,7.126087273299125,1681,1
34,female,2,own,little,little,1842,36,car,7.518607216815252,1156,2
35,male,2,own,little,moderate,2576,7,radio/TV,7.853993087224244,1225,1
55,female,3,own,,rich,1424,12,furniture/equipment,7.261225091971921,3025,1
61,male,2,own,rich,moderate,1512,15,repairs,7.321188556739478,3721,2
30,male,3,own,,,11054,36,car,9.310547632393208,900,1
29,female,2,own,little,,518,6,radio/TV,6.249975242259483,841,1
34,male,2,own,little,,2759,12,furniture/equipment,7.922623574217286,1156,1
35,male,3,own,little,,2670,24,car,7.889833751394295,1225,1
31,male,2,own,little,little,4817,24,car,8.479906606630221,961,2
29,female,3,own,little,,2679,24,car,7.893198869544609,841,1
36,male,2,rent,little,little,3905,11,car,8.270013062273787,1296,1
35,male,2,free,little,little,3386,12,car,8.12740456269308,1225,2
27,female,2,own,little,little,343,6,domestic appliances,5.83773044716594,729,1
32,male,2,own,little,,4594,18,radio/TV,8.432506383249043,1024,1
37,male,2,own,little,little,3620,36,furniture/equipment,8.194229304819817,1369,1
36,male,2,own,little,little,1721,15,car,7.450660796211539,1296,1
34,female,3,rent,little,moderate,3017,12,furniture/equipment,8.012018239159062,1156,1
38,male,2,own,,moderate,754,12,education,6.625392368007956,1444,1
34,male,2,own,little,,1950,18,business,7.575584651557793,1156,1
63,male,2,own,little,little,2924,24,car,7.980707820869669,3969,1
29,female,1,rent,little,little,1659,24,radio/TV,7.413970290190444,841,2
32,male,2,own,,,7238,48,radio/TV,8.887100204123687,1024,1
26,female,2,own,little,,2764,33,business,7.92443418488756,676,1
35,male,1,own,little,,4679,24,car,8.450839690866216,1225,1
22,male,2,rent,moderate,moderate,3092,24,radio/TV,8.036573409707312,484,2
23,female,2,own,little,little,448,6,education,6.104793232414985,529,2
28,male,1,own,little,little,654,9,car,6.483107351457199,784,2
36,male,3,own,,,1238,6,education,7.121252453244542,1296,1
33,male,2,own,little,moderate,1245,18,radio/TV,7.126890808898808,1089,2
26,female,2,rent,little,little,3114,18,furniture/equipment,8.043663352393944,676,2
24,male,2,own,quite rich,,2569,39,car,7.851271997109883,576,1
25,male,2,own,little,rich,5152,24,radio/TV,8.54714026778419,625,1
39,male,1,own,moderate,moderate,1037,12,business,6.944087208229528,1521,1
44,male,2,own,little,little,1478,15,furniture/equipment,7.298445101508147,1936,1
23,female,1,own,little,moderate,3573,12,radio/TV,8.181160858023409,529,1
26,male,2,own,little,moderate,1201,24,car,7.090909822079984,676,1
57,female,2,rent,rich,little,3622,30,furniture/equipment,8.19478163844336,3249,1
30,female,2,own,rich,,960,15,furniture/equipment,6.866933284461882,900,1
44,male,2,own,quite rich,,1163,12,car,7.0587581525186645,1936,1
47,male,3,own,little,moderate,1209,6,car,7.097548850614793,2209,2
52,male,2,own,little,,3077,12,radio/TV,8.031710375322042,2704,1
62,female,2,free,little,,3757,24,car,8.231376045573969,3844,1
35,male,1,rent,moderate,,1418,10,car,7.257002707092073,1225,1
26,male,2,rent,little,,3518,6,car,8.165647925297504,676,1
26,male,2,own,little,,1934,12,radio/TV,7.56734567601324,676,1
42,female,3,free,little,moderate,8318,27,business,9.026177120302856,1764,2
27,female,2,own,moderate,,1237,6,radio/TV,7.120444372392488,729,1
38,male,2,own,,moderate,368,6,radio/TV,5.908082938168931,1444,1
39,male,1,rent,little,little,2122,12,car,7.660114319173928,1521,1
20,male,2,own,,little,2996,24,furniture/equipment,8.005033344637111,400,2
29,male,3,rent,moderate,moderate,9034,36,furniture/equipment,9.108750516214547,841,2
40,male,2,own,little,,1585,24,furniture/equipment,7.368339686311381,1600,1
32,male,1,own,little,moderate,1301,18,radio/TV,7.170888478512505,1024,1
28,male,2,own,moderate,rich,1323,6,car,7.187657164114956,784,1
27,female,2,own,little,little,3123,24,car,8.046549357283078,729,2
42,male,2,free,little,little,5493,36,car,8.61122983334262,1764,1
49,male,2,own,moderate,rich,1126,9,radio/TV,7.026426808699636,2401,1
38,male,2,own,moderate,moderate,1216,24,radio/TV,7.103322062526113,1444,2
24,female,2,rent,little,little,1207,24,car,7.095893221097532,576,2
27,male,1,own,,,1309,10,car,7.1770187659099,729,2
36,male,2,own,quite rich,rich,2360,15,car,7.766416898019655,1296,1
34,male,3,own,moderate,moderate,6850,15,car,8.83200393125627,1156,2
28,male,2,own,little,,1413,24,radio/TV,7.253470382684528,784,1
45,male,3,own,moderate,,8588,39,car,9.058121158998672,2025,1
26,male,2,own,little,little,759,12,car,6.63200177739563,676,2
32,male,3,free,little,,4686,36,car,8.452334619067742,1024,1
26,male,2,rent,little,rich,2687,15,business,7.8961806086154915,676,1
20,male,2,rent,little,moderate,585,12,radio/TV,6.371611847231857,400,1
54,male,2,own,,,2255,24,car,7.720905251936779,2916,1
37,female,2,own,little,little,609,6,car,6.411818267709897,1369,1
40,male,1,own,little,little,1361,6,car,7.215975002651466,1600,1
23,female,2,rent,little,,7127,36,furniture/equipment,8.871645667501872,529,2
43,male,2,own,moderate,little,1203,6,car,7.0925737159746784,1849,1
36,male,2,free,,,700,6,radio/TV,6.551080335043404,1296,1
44,male,2,free,little,,5507,24,repairs,8.613775289262481,1936,1
24,female,2,own,little,little,3190,18,radio/TV,8.06777619577889,576,2
53,male,2,free,little,little,7119,48,furniture/equipment,8.870522545103873,2809,2
23,female,2,own,moderate,,3488,24,car,8.15708378502887,529,1
26,female,1,own,little,moderate,1113,18,radio/TV,7.014814351275545,676,1
30,male,2,own,little,moderate,7966,26,car,8.982937763741589,900,1
31,female,2,own,moderate,,1532,15,education,7.334329350300536,961,1
42,male,1,own,little,,1503,4,radio/TV,7.315218389752975,1764,1
31,male,2,rent,little,little,2302,36,radio/TV,7.741533589281828,961,2
41,male,1,own,little,little,662,6,car,6.495265555937008,1681,1
32,male,2,own,little,moderate,2273,36,education,7.728855823852543,1024,1
28,female,2,rent,moderate,moderate,2631,15,car,7.875119281040293,784,2
41,male,2,rent,little,,1503,12,car,7.315218389752975,1681,1
26,male,2,own,moderate,,1311,24,radio/TV,7.1785454837637,676,1
25,male,2,own,,,3105,24,radio/TV,8.040768994367578,625,1
33,male,2,rent,little,rich,2319,21,education,7.7488913372555315,1089,2
75,female,3,own,,little,1374,6,car,7.2254814727822945,5625,1
37,female,2,own,little,moderate,3612,18,furniture/equipment,8.192016914536875,1369,1
42,male,3,free,little,little,7763,48,car,8.95712413640568,1764,2
45,female,1,own,little,rich,3049,18,furniture/equipment,8.022568946988255,2025,1
23,male,2,rent,little,moderate,1534,12,radio/TV,7.335633981927201,529,2
60,male,2,free,little,,2032,24,car,7.616775808698373,3600,1
31,male,2,own,,little,6350,30,furniture/equipment,8.756210091886738,961,2
34,male,1,own,little,rich,2864,18,furniture/equipment,7.959974528080536,1156,2
61,male,1,own,little,,1255,12,car,7.134890851565884,3721,1
43,male,2,free,little,little,1333,24,car,7.195187320178709,1849,2
37,female,2,own,little,,2022,24,car,7.611842399580417,1369,1
32,male,2,own,little,,1552,24,radio/TV,7.347299700743164,1024,1
24,female,1,own,little,little,626,12,radio/TV,6.439350371100098,576,2
35,male,2,free,,,8858,48,car,9.089076284483143,1225,1
23,female,2,own,,,996,12,repairs,6.903747257584598,529,1
45,male,1,own,quite rich,,1750,6,radio/TV,7.467371066917559,2025,1
34,male,2,own,little,little,6999,48,radio/TV,8.85352256068954,1156,2
27,male,2,own,moderate,moderate,1995,12,car,7.598399329323964,729,1
67,female,3,own,little,moderate,1199,9,education,7.089243155027514,4489,1
22,male,2,own,little,moderate,1331,12,radio/TV,7.193685818395112,484,2
28,female,2,own,moderate,moderate,2278,18,car,7.731053144007127,784,2
29,female,2,own,,,5003,21,car,8.517793011488205,841,2
27,male,2,own,little,little,3552,24,furniture/equipment,8.17526610411206,729,2
31,male,1,own,little,moderate,1928,18,furniture/equipment,7.564238475170491,961,2
49,male,2,free,,little,2964,24,car,7.994294986415977,2401,1
24,male,1,rent,little,little,1546,24,radio/TV,7.343426229147367,576,2
29,female,2,own,little,rich,683,6,radio/TV,6.52649485957079,841,1
37,male,2,free,,moderate,12389,36,car,9.42456426111574,1369,2
37,male,3,own,,moderate,4712,24,business,8.457867725331422,1369,1
23,female,2,rent,moderate,moderate,1553,24,radio/TV,7.347943823148687,529,1
36,male,2,own,little,little,1372,12,car,7.22402480828583,1296,2
34,male,2,own,rich,,2578,24,radio/TV,7.8547691834991324,1156,1
41,male,2,own,,moderate,3979,48,radio/TV,8.288785810426928,1681,1
31,female,2,own,little,little,6758,48,radio/TV,8.818482267274236,961,2
23,female,1,rent,little,little,3234,24,furniture/equipment,8.081475040137052,529,2
38,male,2,own,little,,5954,30,radio/TV,8.691818541575723,1444,1
26,female,3,rent,,,5433,24,car,8.600246746551523,676,1
22,female,1,own,little,little,806,15,business,6.692083742506628,484,1
27,male,1,own,little,moderate,1082,9,radio/TV,6.9865664594064265,729,1
24,female,2,own,little,,2788,15,furniture/equipment,7.933079771880415,576,1
27,female,2,own,little,moderate,2930,12,radio/TV,7.982757702011113,729,1
33,female,2,own,,,1927,24,education,7.563719668414366,1089,1
27,male,2,own,little,moderate,2820,36,car,7.944492163932159,729,2
27,male,1,own,little,,937,24,education,6.842683282238422,729,1
30,male,2,own,little,moderate,1056,18,car,6.962243464266207,900,2
49,male,1,own,little,moderate,3124,12,car,8.046869510959576,2401,1
26,female,2,rent,little,,1388,9,furniture/equipment,7.23561914106675,676,1
33,male,1,rent,little,moderate,2384,36,repairs,7.776535028185241,1089,2
52,female,3,free,,,2133,12,car,7.665284718471351,2704,1
20,female,2,rent,little,little,2039,18,furniture/equipment,7.620214770574455,400,2
36,male,2,rent,little,little,2799,9,car,7.937017489515454,1296,1
21,male,1,own,little,little,1289,12,furniture/equipment,7.161622002939187,441,1
47,male,1,own,little,little,1217,18,domestic appliances,7.104144092987527,2209,2
60,male,2,own,little,little,2246,12,furniture/equipment,7.716906135298388,3600,2
58,female,1,own,little,little,385,12,radio/TV,5.953243334287785,3364,1
42,female,2,rent,,moderate,1965,24,car,7.583247524303362,1764,1
36,female,1,own,rich,,1572,21,business,7.360103972989152,1296,1
20,female,1,rent,little,moderate,2718,24,car,7.907651594711089,400,2
40,male,3,own,,little,1358,24,vacation/others,7.213768308118642,1600,2
32,female,1,own,moderate,moderate,931,6,car,6.836259277277067,1024,2
23,female,2,rent,little,little,1442,24,car,7.273786317844895,529,2
36,male,1,own,little,moderate,4241,24,business,8.352554369474591,1296,2
31,male,2,own,little,,2775,18,car,7.928406026180535,961,2
32,male,2,free,little,,3863,24,business,8.259199362666282,1024,1
45,female,2,own,little,moderate,2329,7,radio/TV,7.753194269884341,2025,1
30,female,2,own,little,moderate,918,9,furniture/equipment,6.822197390620491,900,2
34,female,1,free,little,moderate,1837,24,education,7.515889085215125,1156,2
28,female,3,own,little,,3349,36,furniture/equipment,8.116417072794205,784,2
23,female,2,own,little,rich,1275,10,furniture/equipment,7.150701457592526,529,1
22,male,2,own,quite rich,little,2828,24,furniture/equipment,7.947325027016463,484,1
74,male,3,own,little,,4526,24,business,8.417593826193484,5476,1
50,female,2,free,moderate,moderate,2671,36,radio/TV,7.890208213109961,2500,2
33,male,2,own,little,,2051,18,radio/TV,7.62608275807238,1089,1
45,male,2,free,,,1300,15,car,7.170119543449628,2025,1
22,female,2,own,moderate,little,741,12,domestic appliances,6.608000625296087,484,2
48,female,1,free,moderate,rich,1240,10,car,7.122866658599083,2304,2
29,female,2,own,rich,little,3357,21,radio/TV,8.118802996980035,841,1
22,female,2,rent,little,little,3632,24,car,8.197538739721184,484,1
22,female,2,own,little,,1808,18,furniture/equipment,7.4999765409521215,484,2
48,male,3,own,,moderate,12204,48,business,9.40951904583656,2304,1
27,male,3,free,,moderate,9157,60,radio/TV,9.122273893107732,729,1
37,male,2,rent,little,little,3676,6,car,8.209580483475577,1369,1
21,female,2,rent,moderate,moderate,3441,30,furniture/equipment,8.14351740579748,441,2
49,male,1,own,little,,640,12,car,6.461468176353717,2401,1
27,male,2,own,little,moderate,3652,21,business,8.20303024171486,729,1
32,male,2,own,little,,1530,18,car,7.333023014386481,1024,2
38,male,2,own,,,3914,48,business,8.272315147956022,1444,2
22,female,2,rent,little,little,1858,12,furniture/equipment,7.527255919373784,484,1
65,male,2,free,little,little,2600,18,radio/TV,7.863266724009573,4225,2
35,male,2,own,,,1979,15,radio/TV,7.590346945602565,1225,1
41,male,2,own,little,rich,2116,6,furniture/equipment,7.65728279297819,1681,1
29,male,2,own,moderate,moderate,1437,9,car,7.270312886079025,841,2
36,male,2,own,quite rich,,4042,42,furniture/equipment,8.304494897963567,1296,1
64,male,1,own,,,3832,9,education,8.251142139090751,4096,1
28,female,2,own,little,little,3660,24,radio/TV,8.205218426395412,784,1
44,male,2,own,little,little,1553,18,furniture/equipment,7.347943823148687,1936,2
23,male,2,own,,moderate,1444,15,radio/TV,7.275172319452771,529,1
19,female,2,rent,little,,1980,9,furniture/equipment,7.590852123688581,361,2
25,female,1,own,little,moderate,1355,24,car,7.2115567333138015,625,2
47,male,2,own,little,,1393,12,education,7.239214973779806,2209,1
28,female,2,own,quite rich,,1376,24,radio/TV,7.226936018493289,784,1
21,male,2,own,little,,15653,60,radio/TV,9.658417870888224,441,1
34,female,2,own,little,,1493,12,radio/TV,7.30854279753919,1156,1
26,male,2,own,little,little,4370,42,radio/TV,8.382518288089635,676,2
27,female,0,own,little,little,750,18,education,6.620073206530356,729,2
38,male,1,own,little,moderate,1308,15,repairs,7.176254532017144,1444,1
40,male,3,own,moderate,,4623,15,education,8.438799123988225,1600,2
33,male,2,own,little,,1851,24,radio/TV,7.523481312573497,1089,1
32,male,3,own,little,little,1880,18,radio/TV,7.539027055823995,1024,1
27,male,2,rent,,,7980,36,business,8.984693690443855,729,2
32,male,2,own,little,little,4583,30,furniture/equipment,8.430109084509125,1024,1
26,female,2,own,quite rich,,1386,12,car,7.234177179749849,676,2
38,male,2,free,little,rich,947,24,car,6.853299093186078,1444,2
40,male,1,rent,little,little,684,12,education,6.52795791762255,1600,2
50,male,3,free,little,little,7476,48,education,8.919453168575453,2500,1
37,male,1,own,little,moderate,1922,12,furniture/equipment,7.561121589530238,1369,2
45,male,2,own,little,little,2303,24,car,7.741967899820685,2025,2
42,male,3,own,moderate,moderate,8086,36,car,8.997889450200717,1764,2
35,male,2,own,little,,2346,24,car,7.76046702921342,1225,1
22,male,2,free,little,little,3973,14,car,8.287276755814599,484,1
41,male,1,own,little,moderate,888,12,car,6.78897174299217,1681,2
37,male,2,own,,,10222,48,radio/TV,9.232297539328226,1369,1
28,female,2,own,little,moderate,4221,30,business,8.347827345782498,784,1
41,male,2,own,little,moderate,6361,18,furniture/equipment,8.757940876678804,1681,1
23,male,2,rent,little,rich,1297,12,radio/TV,7.167809184316444,529,1
23,male,2,own,,little,900,12,car,6.802394763324311,529,2
50,male,2,own,little,,2241,21,furniture/equipment,7.714677473800927,2500,1
35,male,3,own,little,moderate,1050,6,furniture/equipment,6.956545443151569,1225,1
50,female,1,own,little,rich,1047,6,education,6.953684210870537,2500,1
27,male,3,own,little,,6314,24,vacation/others,8.750524669117937,729,1
34,male,2,own,rich,moderate,3496,30,furniture/equipment,8.159374736775426,1156,1
27,female,2,own,little,,3609,48,business,8.19118600464279,729,1
43,male,2,rent,little,little,4843,12,car,8.48528964240323,1849,2
47,male,2,own,little,rich,3017,30,radio/TV,8.012018239159062,2209,1
27,male,1,own,moderate,,4139,24,business,8.328209491748732,729,1
31,male,2,own,moderate,,5742,36,business,8.655562860681009,961,1
42,male,3,own,little,,10366,60,car,9.246286498749653,1764,1
24,male,2,own,quite rich,,2080,6,car,7.640123172695364,576,1
41,male,1,own,quite rich,,2580,21,business,7.855544677915663,1681,2
26,female,3,rent,little,,4530,30,radio/TV,8.41847721847708,676,1
33,male,2,own,little,,5150,24,furniture/equipment,8.546751993657782,1089,1
24,male,2,own,moderate,moderate,5595,72,radio/TV,8.629628620746026,576,2
64,male,1,rent,little,little,2384,24,radio/TV,7.776535028185241,4096,1
26,female,2,own,little,,1453,18,radio/TV,7.281385663570282,676,1
56,female,2,own,little,,1538,6,education,7.338238150065589,3136,1
37,male,2,free,,,2279,12,radio/TV,7.731492029245684,1369,1
33,male,2,own,little,,1478,15,radio/TV,7.298445101508147,1089,1
47,male,2,free,little,,5103,24,radio/TV,8.537583881063972,2209,1
31,male,1,own,moderate,moderate,9857,36,business,9.19593714166544,961,1
34,male,2,free,,,6527,60,car,8.783702698635217,1156,1
27,male,2,own,,rich,1347,10,radio/TV,7.205635176410364,729,1
30,male,2,free,moderate,moderate,2862,36,car,7.959275960116396,900,1
35,male,2,own,moderate,,2753,9,radio/TV,7.920446505142607,1225,1
31,male,2,own,rich,little,3651,12,car,8.202756381655638,961,1
25,male,2,own,little,little,975,15,furniture/equipment,6.882437470997847,625,1
25,female,1,own,moderate,moderate,2631,15,repairs,7.875119281040293,625,1
29,male,2,own,moderate,moderate,2896,24,radio/TV,7.971085753505607,841,1
44,male,1,own,,little,4716,6,car,8.458716261657262,1936,1
28,male,2,own,little,,2284,24,radio/TV,7.7336835707759,784,1
50,male,2,rent,quite rich,,1236,6,car,7.119635638017636,2500,1
29,male,2,own,little,moderate,1103,12,radio/TV,7.005789019253503,841,1
38,female,0,own,little,,926,12,car,6.83087423464618,1444,1
24,male,2,own,little,,1800,18,radio/TV,7.495541943884256,576,1
40,male,3,rent,little,rich,1905,15,education,7.552237287560802,1600,1
29,female,1,rent,quite rich,,1123,12,furniture/equipment,7.023758954738443,841,2
46,male,2,free,little,little,6331,48,car,8.753213480544126,2116,2
47,female,2,free,moderate,rich,1377,24,radio/TV,7.227662498728654,2209,1
41,male,2,own,moderate,moderate,2503,30,business,7.8252452914317745,1681,1
32,female,2,own,little,moderate,2528,27,business,7.8351837552667485,1024,1
35,female,2,free,quite rich,,5324,15,car,8.579980179515003,1225,1
24,male,2,own,moderate,moderate,6560,48,car,8.788745881938135,576,2
25,female,2,rent,little,moderate,2969,12,furniture/equipment,7.99598047476376,625,2
25,female,2,own,little,moderate,1206,9,radio/TV,7.095064377287131,625,1
37,male,1,own,little,moderate,2118,9,radio/TV,7.658227526161352,1369,1
32,male,3,own,quite rich,,629,18,radio/TV,6.444131256700441,1024,1
35,female,2,free,little,little,1198,6,education,7.088408778675395,1225,2
46,male,3,own,,,2476,21,car,7.814399633804487,2116,1
25,male,1,own,little,little,1138,9,radio/TV,7.037027614686276,625,1
27,male,3,own,little,moderate,14027,60,car,9.54873932271967,729,2
63,male,2,own,,,7596,30,car,8.935377071932177,3969,1
40,male,2,own,,,3077,30,radio/TV,8.031710375322042,1600,1
32,male,3,free,little,,1505,18,radio/TV,7.316548177182976,1024,1
31,male,2,own,,rich,3148,24,radio/TV,8.054522609537294,961,1
31,male,2,own,moderate,moderate,6148,20,car,8.723882104658486,961,1
34,male,3,own,little,rich,1337,9,radio/TV,7.198183577101943,1156,2
24,female,2,rent,rich,moderate,433,6,education,6.07073772800249,576,2
24,female,1,own,little,little,1228,12,car,7.113142108707088,576,2
66,female,1,own,quite rich,moderate,790,9,radio/TV,6.672032945461067,4356,1
21,female,2,rent,little,,2570,27,car,7.851661177889265,441,2
41,female,1,own,rich,,250,6,car,5.521460917862246,1681,1
47,male,1,own,quite rich,,1316,15,radio/TV,7.182352111885263,2209,1
25,female,2,rent,little,little,1882,18,radio/TV,7.540090320145325,625,2
59,female,2,rent,little,moderate,6416,48,business,8.766550149546351,3481,2
36,male,2,own,rich,rich,1275,24,business,7.150701457592526,1296,1
33,male,2,own,little,moderate,6403,24,radio/TV,8.764521909518802,1089,1
21,male,1,rent,little,little,1987,24,radio/TV,7.594381242551817,441,2
44,female,1,own,little,moderate,760,8,radio/TV,6.633318433280377,1936,1
28,female,2,rent,rich,,2603,24,car,7.864419904994565,784,1
37,female,2,own,little,,3380,4,car,8.125630988477065,1369,1
29,female,0,own,,moderate,3990,36,domestic appliances,8.29154650988391,841,1
23,female,3,rent,little,moderate,11560,24,car,9.355306142226368,529,2
35,male,1,own,moderate,little,4380,18,car,8.384804003370492,1225,1
45,male,3,own,little,,6761,6,car,8.818926087090677,2025,1
26,female,1,rent,moderate,moderate,4280,30,business,8.361708288575842,676,2
32,male,2,own,moderate,little,2325,24,car,7.751475318021456,1024,1
23,male,1,own,little,moderate,1048,10,radio/TV,6.954638864880987,529,1
41,male,2,own,,,3160,21,radio/TV,8.058327306580958,1681,1
22,male,2,own,quite rich,little,2483,24,furniture/equipment,7.817222785508166,484,1
30,male,3,own,,little,14179,39,furniture/equipment,9.55951727573756,900,1
28,male,1,own,little,little,1797,13,business,7.493873886783559,784,1
23,female,2,rent,little,little,2511,15,car,7.828436359157585,529,1
37,female,1,own,little,little,1274,12,car,7.149916836132109,1369,2
26,male,2,own,,,5248,21,car,8.565602330623925,676,1
33,male,2,own,little,,3029,15,car,8.015987811027237,1089,1
49,female,2,own,little,little,428,6,furniture/equipment,6.059123195581797,2401,1
23,female,1,own,little,little,976,18,car,6.883462586413092,529,2
23,female,1,rent,moderate,moderate,841,12,business,6.734591659972948,529,1
25,female,2,own,little,,5771,30,radio/TV,8.660600654710967,625,1
55,male,2,free,rich,,1555,12,repairs,7.349230824613334,3025,2
32,female,2,rent,,little,1285,24,car,7.158513997329321,1024,2
74,male,0,own,little,rich,1299,6,car,7.1693500166706,5476,1
39,male,2,free,,rich,1271,15,radio/TV,7.147559271189454,1521,2
31,male,2,own,little,,1393,24,car,7.239214973779806,961,1
35,male,2,own,little,little,691,12,car,6.53813982376767,1225,2
59,female,2,own,,,5045,15,car,8.52615293278771,3481,1
24,female,2,rent,little,little,2124,18,furniture/equipment,7.66105638236183,576,2
24,male,1,own,little,little,2214,12,radio/TV,7.7025561132685825,576,1
30,male,3,free,,,12680,21,car,9.447781227991216,900,2
27,male,2,own,moderate,,2463,24,car,7.809135398120538,729,1
40,male,1,own,little,moderate,1155,12,radio/TV,7.051855622955894,1600,1
31,male,1,own,little,little,3108,30,furniture/equipment,8.041734711487537,961,2
31,female,2,rent,,,2901,10,car,7.972810784121404,961,1
28,male,2,rent,little,moderate,3617,12,furniture/equipment,8.193400231952097,784,1
63,male,1,own,little,,1655,12,radio/TV,7.411556287811163,3969,1
26,female,2,rent,,little,2812,24,car,7.941651252930556,676,1
25,female,3,own,little,little,8065,36,education,8.99528899055931,625,2
36,male,3,own,little,,3275,21,car,8.094073148069352,1296,1
52,male,2,own,moderate,,2223,24,radio/TV,7.706612913964197,2704,1
66,male,0,free,quite rich,rich,1480,12,car,7.299797366758161,4356,1
25,female,2,rent,,little,1371,24,car,7.223295679562314,625,2
37,male,2,own,little,,3535,36,car,8.170468578330674,1369,1
25,female,2,own,little,little,3509,18,radio/TV,8.163086375583216,625,1
38,male,3,own,rich,,5711,36,car,8.650149418664864,1444,1
67,female,2,own,little,moderate,3872,18,repairs,8.261526448396468,4489,1
25,male,2,own,little,moderate,4933,39,radio/TV,8.503702601233739,625,2
60,male,2,own,rich,,1940,24,car,7.570443252057374,3600,1
31,male,1,own,little,moderate,1410,12,education,7.251344983372214,961,1
23,female,1,own,moderate,moderate,836,12,car,6.728628613084702,529,2
60,male,3,own,,moderate,6468,20,car,8.774622220696997,3600,1
35,male,1,own,rich,moderate,1941,18,business,7.57095858316901,1225,1
40,male,2,own,quite rich,,2675,22,radio/TV,7.891704659330107,1600,1
38,male,2,own,,,2751,48,car,7.919719760924575,1444,1
50,male,2,free,little,moderate,6224,48,education,8.736168065858228,2500,2
27,male,2,own,little,little,5998,40,education,8.699181359308954,729,2
39,female,2,own,little,moderate,1188,21,business,7.080026499922591,1521,2
41,male,3,own,,,6313,24,car,8.750366278367625,1681,1
27,male,2,own,,,1221,6,furniture/equipment,7.107425474110705,729,1
51,male,2,free,little,rich,2892,24,furniture/equipment,7.969703583278656,2601,1
32,male,2,rent,quite rich,,3062,24,furniture/equipment,8.026823576217629,1024,1
22,female,2,rent,moderate,,2301,9,furniture/equipment,7.741099090035366,484,1
51,male,2,free,,little,7511,18,car,8.924123891686012,2601,2
22,female,1,rent,little,,1258,12,furniture/equipment,7.1372784372603855,484,1
54,male,2,own,,,717,24,car,6.57507584059962,2916,1
35,male,0,own,,moderate,1549,9,car,7.345364840416867,1225,1
54,male,2,free,little,,1597,24,education,7.375882148215011,2916,1
48,female,1,rent,little,moderate,1795,18,radio/TV,7.492760300922379,2304,1
24,female,2,own,little,little,4272,20,furniture/equipment,8.35983738064003,576,1
35,male,2,own,,,976,12,radio/TV,6.883462586413092,1225,1
24,female,0,rent,,moderate,7472,12,car,8.918917979908679,576,1
24,male,2,own,little,little,9271,36,car,9.134646527606982,576,2
26,male,1,own,little,moderate,590,6,radio/TV,6.380122536899765,676,1
65,male,2,own,,,930,12,radio/TV,6.835184586147301,4225,1
55,male,3,free,little,moderate,9283,42,car,9.135940049399933,3025,1
26,female,0,rent,little,moderate,1778,15,car,7.48324441607385,676,2
26,male,2,own,little,moderate,907,8,business,6.810142450115136,676,1
28,male,1,own,little,moderate,484,6,radio/TV,6.182084906716632,784,1
24,male,2,own,little,little,9629,36,car,9.172534657240284,576,2
54,male,2,own,little,little,3051,48,domestic appliances,8.02322468471667,2916,2
46,male,2,free,little,little,3931,48,car,8.27664912542186,2116,2
54,female,2,rent,little,moderate,7432,36,car,8.913550280493675,2916,1
62,male,2,own,quite rich,,1338,6,domestic appliances,7.198931240688173,3844,1
24,female,2,rent,little,,1554,6,radio/TV,7.348587530927593,576,1
43,male,3,own,little,little,15857,36,vacation/others,9.671366322189568,1849,1
26,male,2,own,little,little,1345,18,radio/TV,7.20414929203594,676,2
27,male,2,own,little,,1101,12,car,7.00397413672268,729,1
24,male,2,own,little,rich,3016,12,radio/TV,8.011686729127847,576,1
41,male,2,own,little,little,2712,36,furniture/equipment,7.905441649060286,1681,2
47,male,1,own,little,little,731,8,car,6.594413459749778,2209,1
35,male,3,own,little,,3780,18,furniture/equipment,8.237479288613633,1225,1
30,male,2,own,little,little,1602,21,car,7.379008127628304,900,1
33,female,2,rent,little,little,3966,18,car,8.285513309079741,1089,2
36,male,2,own,little,,4165,18,business,8.334471554600944,1296,2
47,male,2,free,,little,8335,36,car,9.028218795184896,2209,2
38,male,2,free,,moderate,6681,48,business,8.807022955925477,1444,1
44,male,2,own,quite rich,,2375,24,business,7.772752716468742,1936,1
23,female,2,rent,little,little,1216,18,car,7.103322062526113,529,2
29,male,2,rent,little,little,11816,45,business,9.377209824211215,841,2
42,female,2,own,,moderate,5084,24,radio/TV,8.533853632309345,1764,1
25,female,1,own,little,rich,2327,15,radio/TV,7.752335163302292,625,2
48,male,2,own,little,little,1082,12,car,6.9865664594064265,2304,2
21,female,2,own,,,886,12,radio/TV,6.786716950605081,441,1
23,female,1,rent,little,,601,4,furniture/equipment,6.398594934535208,529,1
63,male,2,own,little,little,2957,24,car,7.991930519852477,3969,1
46,male,2,own,little,,2611,24,radio/TV,7.867488568699128,2116,1
29,male,2,own,little,little,5179,36,furniture/equipment,8.552367266423891,841,2
28,male,1,own,little,,2993,21,car,8.0040315078527,784,1
23,female,2,own,little,,1943,18,repairs,7.57198844937744,529,2
50,male,2,own,little,,1559,24,business,7.351799869057777,2500,1
47,male,2,own,little,,3422,18,furniture/equipment,8.137980454452139,2209,1
35,male,2,own,,moderate,3976,21,furniture/equipment,8.288031567776464,1225,1
68,male,2,rent,,,6761,18,car,8.818926087090677,4624,2
28,male,2,own,little,,1249,24,car,7.130098510125578,784,1
59,male,2,own,little,little,1364,9,radio/TV,7.218176838403408,3481,1
57,male,1,own,little,little,709,12,radio/TV,6.563855526532128,3249,2
33,male,2,rent,little,little,2235,20,car,7.711996507047669,1089,2
43,male,2,own,,,4042,24,car,8.304494897963567,1849,1
35,male,2,free,little,,1471,15,radio/TV,7.293697720601438,1225,1
32,male,1,free,little,little,1442,18,car,7.273786317844895,1024,2
45,male,2,own,little,,10875,36,car,9.294221855956884,2025,1
33,male,2,own,moderate,,1474,24,car,7.295735072749282,1089,1
40,female,2,own,,,894,10,education,6.795705775173514,1600,1
28,male,2,free,little,,3343,15,furniture/equipment,8.114623886420098,784,1
29,female,2,own,little,little,3959,15,car,8.28374674710613,841,2
26,male,2,rent,moderate,,3577,9,car,8.182279739259018,676,1
27,male,2,own,rich,,5804,24,car,8.666302614004078,729,1
28,male,2,own,little,,2169,18,business,7.682021510826875,784,2
35,female,2,own,little,little,2439,24,radio/TV,7.79934339821592,1225,2
32,male,1,own,rich,,4526,27,furniture/equipment,8.417593826193484,1024,1
25,male,1,rent,little,,2210,10,furniture/equipment,7.700747794511798,625,2
20,female,2,rent,quite rich,,2221,15,furniture/equipment,7.7057128238944275,400,1
27,female,2,own,little,little,2389,18,radio/TV,7.77863014732581,729,1
42,male,2,own,little,,3331,12,furniture/equipment,8.11102783819368,1764,1
37,male,2,own,,,7409,36,business,8.910450756416656,1369,1
24,female,2,rent,little,little,652,12,furniture/equipment,6.480044561926653,576,1
40,female,2,own,quite rich,,7678,36,furniture/equipment,8.946114375560743,1600,1
46,male,2,own,little,rich,1343,6,car,7.202661196523238,2116,1
26,male,2,own,moderate,little,1382,24,business,7.231287004327616,676,1
24,female,2,own,,,874,15,domestic appliances,6.773080375655535,576,1
29,male,1,own,little,little,3590,12,furniture/equipment,8.185907481482324,841,1
40,female,2,own,rich,moderate,1322,11,car,7.186901020411631,1600,1
36,male,3,free,little,little,1940,18,radio/TV,7.570443252057374,1296,1
28,male,2,own,little,,3595,36,radio/TV,8.187299270155147,784,1
27,male,3,free,little,little,1422,9,car,7.259819610363186,729,2
36,male,2,own,,,6742,30,radio/TV,8.816111895794005,1296,1
38,male,3,own,little,,7814,24,car,8.963672275615016,1444,1
48,male,2,free,,,9277,24,car,9.135293497653272,2304,1
36,male,2,own,,moderate,2181,30,car,7.687538766201629,1296,1
65,female,0,own,little,,1098,18,radio/TV,7.001245622069476,4225,1
43,male,2,own,little,moderate,4057,24,furniture/equipment,8.308199063206446,1849,2
53,female,2,own,little,little,795,12,education,6.678342114654332,2809,2
34,male,2,own,,moderate,2825,24,business,7.946263643580541,1156,1
23,male,2,own,little,moderate,15672,48,business,9.659630959624376,529,2
34,male,3,own,little,,6614,36,car,8.796943893541737,1156,1
40,male,2,rent,,,7824,28,car,8.964951211714654,1600,1
43,male,3,own,little,little,2442,27,business,7.80057265467065,1849,1
46,male,2,own,little,,1829,15,radio/TV,7.511524648390866,2116,1
38,male,1,own,little,little,2171,12,car,7.682943169878292,1444,1
34,male,2,own,little,moderate,5800,36,car,8.66561319653451,1156,1
29,male,2,own,,,1169,18,radio/TV,7.063903961472068,841,1
31,male,3,own,,,8947,36,car,9.099073559547596,961,1
28,female,3,rent,little,little,2606,21,radio/TV,7.8655717576847906,784,1
35,female,2,own,rich,,1592,12,furniture/equipment,7.372746366404328,1225,1
33,female,1,rent,,,2186,15,furniture/equipment,7.689828668736484,1089,1
42,male,2,own,little,little,4153,18,furniture/equipment,8.331586243630754,1764,2
43,male,2,rent,little,little,2625,16,car,7.872836175025724,1849,2
44,male,2,own,,,3485,20,car,8.156223323194624,1936,1
42,male,2,free,,,10477,36,car,9.256937657352966,1764,1
40,male,2,rent,,,1386,15,radio/TV,7.234177179749849,1600,1
36,male,3,own,little,,1278,24,radio/TV,7.15305163493748,1296,1
20,male,3,rent,little,little,1107,12,radio/TV,7.009408932708637,400,1
24,male,1,own,,little,3763,21,car,8.232971790593437,576,1
27,male,2,own,,moderate,3711,36,education,8.219056661060598,729,1
46,female,1,own,little,,3594,15,car,8.187021067343505,2116,1
33,female,1,own,,moderate,3195,9,car,8.069342366811636,1089,1
34,female,2,own,little,,4454,36,radio/TV,8.401557847817314,1156,1
25,female,1,own,little,moderate,4736,24,furniture/equipment,8.462948176563842,625,2
25,female,2,own,,moderate,2991,30,radio/TV,8.003363058629947,625,1
28,male,2,own,rich,,2142,11,business,7.669495251007694,784,1
31,male,2,rent,little,little,3161,24,business,8.058643712215618,961,2
32,female,3,own,little,moderate,18424,48,vacation/others,9.82140944150052,1024,2
32,male,2,own,moderate,,2848,10,car,7.954372272531867,1024,1
68,male,3,own,little,little,14896,6,car,9.608847999516849,4624,2
33,male,2,own,moderate,little,2359,24,furniture/equipment,7.765993079407675,1089,2
39,male,3,rent,little,little,3345,24,furniture/equipment,8.11522197256233,1521,2
28,female,2,own,little,,1817,18,furniture/equipment,7.504942068396171,784,1
37,male,3,own,quite rich,,12749,48,radio/TV,9.45320811613812,1369,1
22,female,2,rent,little,little,1366,9,radio/TV,7.219642040130735,484,2
30,male,2,rent,little,moderate,2002,12,car,7.601901959875166,900,1
55,male,2,own,little,little,6872,24,furniture/equipment,8.835210463664092,3025,2
46,male,2,own,little,little,697,12,car,6.546785410760524,2116,2
21,female,2,rent,little,little,1049,18,furniture/equipment,6.955592608396297,441,1
39,male,2,free,little,little,10297,48,car,9.239607869656751,1521,2
58,male,2,own,,,1867,30,radio/TV,7.532088143541722,3364,1
43,male,1,own,little,little,1344,12,car,7.203405521083095,1849,1
24,male,1,own,little,little,1747,24,furniture/equipment,7.465655310134056,576,1
22,female,2,own,little,moderate,1670,9,radio/TV,7.4205789054108,484,2
30,male,2,own,little,,1224,9,car,7.109879463072272,900,1
42,male,2,own,quite rich,,522,12,radio/TV,6.257667587882639,1764,1
23,female,2,own,little,little,1498,12,radio/TV,7.311886164077165,529,1
30,male,3,own,moderate,moderate,1919,30,radio/TV,7.5595594960077,900,2
28,female,1,own,little,rich,745,9,radio/TV,6.61338421837956,784,2
30,male,3,rent,little,moderate,2063,6,radio/TV,7.631916513071252,900,1
42,male,2,free,little,moderate,6288,60,education,8.746398334109042,1764,2
46,male,3,own,,,6842,24,car,8.830835365537549,2116,1
45,male,3,own,,,3527,12,car,8.168202930236053,2025,1
31,male,1,own,little,,1546,10,car,7.343426229147367,961,1
31,male,2,own,,,929,24,furniture/equipment,6.834108738813838,961,1
42,male,1,own,little,,1455,4,car,7.282761179605593,1764,1
46,female,2,rent,little,little,1845,15,furniture/equipment,7.520234556474628,2116,1
30,female,2,own,quite rich,moderate,8358,48,car,9.03097444300786,900,1
30,male,2,free,quite rich,little,3349,24,furniture/equipment,8.116417072794205,900,2
38,male,3,own,,,2859,12,car,7.958227192322312,1444,1
43,male,1,own,little,,1533,18,furniture/equipment,7.334981878871814,1849,2
31,male,2,own,moderate,,3621,24,radio/TV,8.19450550976564,961,2
40,male,0,own,little,moderate,3590,18,business,8.185907481482324,1600,1
24,male,2,own,little,little,2145,36,business,7.670894831362117,576,2
28,female,2,rent,quite rich,moderate,4113,24,car,8.321907968230423,784,2
26,female,3,own,little,,10974,36,furniture/equipment,9.30328411761892,676,2
29,female,2,own,little,little,1893,12,car,7.545918151209323,841,1
57,female,3,rent,rich,little,1231,24,radio/TV,7.115582126184454,3249,1
49,male,1,own,,rich,3656,30,radio/TV,8.204124932574041,2401,1
37,male,1,own,little,moderate,1154,9,radio/TV,7.050989447068045,1369,1
45,male,1,own,little,little,4006,28,car,8.295548516225763,2025,2
30,male,2,free,moderate,moderate,3069,24,furniture/equipment,8.029107054619736,900,1
30,male,2,rent,little,,1740,6,radio/TV,7.461640392208575,900,1
47,male,2,own,little,moderate,2353,21,car,7.763446388727362,2209,1
29,male,2,own,,,3556,15,car,8.176391596633795,841,1
35,male,2,own,quite rich,,2397,24,radio/TV,7.781973234434385,1225,2
22,male,1,own,little,moderate,454,6,repairs,6.118097198041348,484,1
26,female,2,own,,moderate,1715,30,radio/TV,7.44716835960004,676,1
23,male,1,own,quite rich,moderate,2520,27,radio/TV,7.832014180505469,529,2
54,female,3,rent,little,,3568,15,radio/TV,8.1797604936999,2916,1
29,male,2,rent,,,7166,42,radio/TV,8.8771028978649,841,1
40,male,1,own,little,little,3939,11,car,8.278682162970906,1600,1
22,male,2,own,moderate,moderate,1514,15,repairs,7.322510433997394,484,1
43,male,1,own,little,,7393,24,car,8.9082888855571,1849,1
29,female,0,rent,little,little,1193,24,car,7.084226422097916,841,2
36,male,2,rent,little,little,7297,60,business,8.89521858376562,1296,2
33,female,2,own,little,,2831,30,radio/TV,7.9483852851118995,1089,1
57,female,1,own,quite rich,rich,1258,24,radio/TV,7.1372784372603855,3249,1
64,female,2,own,little,moderate,753,6,radio/TV,6.6240652277998935,4096,1
42,male,2,own,,moderate,2427,18,business,7.794411205726601,1764,1
47,male,1,own,little,,2538,24,car,7.839131648274333,2209,2
25,male,2,rent,moderate,moderate,1264,15,car,7.142036574706803,625,2
49,male,2,own,little,moderate,8386,30,furniture/equipment,9.034318927730707,2401,2
33,male,3,rent,little,,4844,48,business,8.485496104672983,1089,2
28,female,3,own,moderate,rich,2923,21,car,7.980365765111246,784,1
26,male,2,own,little,little,8229,36,car,9.015419779605711,676,2
30,male,1,own,little,,2028,24,furniture/equipment,7.614805364711073,900,1
25,female,2,rent,little,little,1433,15,furniture/equipment,7.267525427828172,625,1
33,male,2,own,little,rich,6289,42,business,8.746557354543503,1089,1
64,female,2,own,moderate,,1409,13,radio/TV,7.25063551189868,4096,1
29,male,3,free,little,little,6579,24,car,8.791638037085997,841,1
48,male,1,own,little,moderate,1743,24,radio/TV,7.463363045520021,2304,1
37,male,1,own,,,3565,12,education,8.178919332848396,1369,1
34,male,1,own,moderate,,1569,15,radio/TV,7.358193752733032,1156,1
23,male,1,rent,,little,1936,18,radio/TV,7.568379267836522,529,1
30,male,3,own,little,little,3959,36,furniture/equipment,8.28374674710613,900,1
50,male,2,own,,,2390,12,car,7.779048644925556,2500,1
31,female,1,own,little,,1736,12,furniture/equipment,7.459338895220296,961,1
40,male,3,own,little,little,3857,30,car,8.257644958208228,1600,1
38,male,2,own,little,,804,12,radio/TV,6.689599269178967,1444,1
23,male,2,free,little,little,1845,45,radio/TV,7.520234556474628,529,2
27,male,2,own,moderate,moderate,4576,45,car,8.428580533059634,729,1
